Unit Serial Number,Source,Reason Code,"Time in Field (Looker, days)",WOM,Device/PSU,Result/Status,Root Cause,Failure Category,Notes
GGB21E0A33330AVK,EFFA Tracking,Dead After Arrival,50,2333,Device,Resolved,C405 damaged,Capacitor Short / Damage,"DAA: Soft Reset, Hard Reset, Swap outlets, Swap power cables. Standard TS for power issues was performed"
GGB21E0A339304JQ,EFFA Tracking,Dead After Arrival,36,2339,Device,Resolved,C431 damaged,Capacitor Short / Damage,"No light on the eero device (working before). No other 45 PSU to use. Purchased on Amazon Dec 19 2023. No power outage at time of report"
GGB21E0A348700DX,EFFA Tracking,Dead After Arrival,23,2348,Device,Resolved,C407 crack/ C342 burn,Capacitor Short / Damage,
GGB21E0A336203BW,EFFA Tracking,Dead After Arrival,124,2336,Device,Resolved,C353,Capacitor Short / Damage,eero would not power on after moving to a new home
GGB21E0A336206KA,EFFA Tracking,Dead After Arrival,68,2336,Device,Resolved,C969,Capacitor Short / Damage,
GGB21E0A336209H0,EFFA Tracking,Dead After Arrival,178,2336,Device,Resolved,C1032,Capacitor Short / Damage,Power port on power strip burned out and damaged the PSU. No injuries
GGB21E0A337707X1,EFFA Tracking,Dead After Arrival,53,2337,Device,Resolved,C431,Capacitor Short / Damage,No observable LED state
GGB21E0A3393010G,EFFA Tracking,Dead After Arrival,878,2339,Device,Resolved,C1034,Capacitor Short / Damage,"LED indicator off, standard DAA troubleshooting"
GGB21E0A351704EQ,EFFA Tracking,Dead After Arrival,828,2351,Device,Resolved,C475,Capacitor Short / Damage,"No LED indicators visible, standard DAA troubleshooting"
GGB21E0A348701A5,EFFA Tracking,Dead After Arrival,96,2348,Device,Resolved,C475,Capacitor Short / Damage,"No LED indicators, standard DAA troubleshooting"
GGB21E0A337405CA,EFFA Tracking,Cosmetic issue - Pink BC,n/a,,Device,Resolved,overoxidation of phenolic antioxidants,Material / Chemical,Customer report of Jupiter pink bottom case
GGB21E0A333308VF,EFFA Tracking,Dead After Arrival,998,2333,Device,NTF,Customer Fraud,No Defect / Customer / Fraud,eero Dead After Arrival after updating firmware
GGB21E0A33330409,EFFA Tracking,Dead After Arrival,5,2333,Device,NTF,Customer Fraud,No Defect / Customer / Fraud,eero Dead After Arrival after power surge
GGB21E0A3336069S,EFFA Tracking,Dead After Arrival,26,2333,Device,NTF,Customer Fraud,No Defect / Customer / Fraud,Customer reported network offline due to node not powering on with PSU
GGB21E0A33620926,EFFA Tracking,Thermal reboots,978,2336,Device,NTF,Customer placement,No Defect / Customer / Fraud,
GGB21E0A33330AMQ,EFFA Tracking,Dead After Arrival,7,2333,Device,NTF,Customer Fraud,No Defect / Customer / Fraud,
GGB21E0A3333084N,EFFA Tracking,Ethernet Port Issue: Poor Throughput,997,2333,Device,NTF,NTF - No SW/HW issue,No Defect / NTF,New FW release apparently fixed the issue per customer
GGB21E0A337705XV,EFFA Tracking,Dead on Arrival,904,2337,Device,NTF,NTF - unit online on a different customer account,No Defect / NTF,
GGB21E0A337707R3,EFFA Tracking,Stuck Flashing White LED,68,2337,Device,NTF,NTF,No Defect / NTF,
GGB21E0A338702QH,EFFA Tracking,Stuck Flashing White LED,66,2338,Device,NTF,NTF,No Defect / NTF,
GGB21E0A337707S9,EFFA Tracking,Flashing blue - eero not found,n/a,,Device,NTF,NTF,No Defect / NTF,
GGB21E0A34870045,EFFA Tracking,Ethernet Port Issue: Poor Throughput,874,2348,Device,Not Returned,NTF - Still online 5.8.2024,No Defect / NTF,
GGB21E0A33930246,EFFA Tracking,Ethernet Port Issue (low negotiation speed),847,2339,Device,NTF,NTF,No Defect / NTF,Slow negotiated wired speeds
GGB21E0A339303NF,EFFA Tracking,Stability issue,205,2339,Device,NTF,NTF,No Defect / NTF,"Intermittent reboots, unstable connection, zyxel G1920-48HP smart switch issue"
GGB21E0A333305TA,EFFA Tracking,Power Issue (PSU Defective),996,2333,PSU,Not Returned,Won't Do,No Defect / Not Analyzed,PSU returned to A.com directly; analyzed unit is the replacement standalone 45W
GGB21E0A336206MS,EFFA Tracking,Dead After Arrival,59,2336,Device,Not Returned,Won't Do,No Defect / Not Analyzed,"Customer reports one Jupiter does not turn on. Tried different socket and known-good PSU, no LED."
GGB21E0A3393008E,EFFA Tracking,Dead After Arrival,862,2339,Device,Lost/Damage,Won't Do,No Defect / Not Analyzed,swapped PSU no LED; swapped outlet no LED; hard reset no LED
GGB21E0A3507062R,EFFA Tracking,Stuck Flashing white LED,n/a,,Device,Not Returned,Won't Do,No Defect / Not Analyzed,Never set up per CX notes
GGB21E0A3387047K,EFFA Tracking,Dead After Arrival,135,2338,Device,Not Returned,Won't Do,No Defect / Not Analyzed,No LED indicators
GGB21E0A33870557,EFFA Tracking,Dead After Arrival,116,2338,Device,Resolved,,Pending Analysis,"No LED, eero not powering up. Customer resistant to troubleshooting"
GGB21E0A3362005H,EFFA Tracking,Dead After Arrival,139,2336,Device,FA in progress,,Pending Analysis,
GGB21E0A3387065X,EFFA Tracking,Dead After Arrival,124,2338,Device,FA in progress,,Pending Analysis,
GGB21E0A3387022K,EFFA Tracking,Ethernet Port Issue - Slow speeds,1,2338,Device,Not Returned,,Pending Analysis,Device speeds slower than expected
GGB21E0A415300QG,EFFA Tracking,Dead After Arrival,n/a,,Device,Not Returned,,Pending Analysis,"No LED indicator visible, TS for DAA. Surge initially"
GGB21E0A4014013B,EFFA Tracking,Unable to update firmware,817,2401,Device,Not Returned,,Pending Analysis,flashing white after sending OTA update
GGB21E0A3402020N,EFFA Tracking,Dead After Arrival,178,2340,Device,FA in progress,,Pending Analysis,No response from LED indicator
GGB21E0A33930576,EFFA Tracking,Dead After Arrival,133,2339,Device,Not Returned,,Pending Analysis,No LED indicator response
GGB21E0A3387033K,EFFA Tracking,Ethernet Port Issue,726,2338,Device,Not Returned,,Pending Analysis,Ports not responding; wired connections fail across ports and cables
GGB21E0A34030051,EFFA Tracking,Ethernet Port Issue,997,2340,Device,Not Returned,,Pending Analysis,Ethernet ports do not negotiate properly with wired devices
GGB21E0A341700K0,EFFA Tracking,Ethernet Port Issue,37,2341,Device,Not Returned,,Pending Analysis,Wired devices failing to connect to Kitchen node. Wifi works
GGB21E0A416302CT,EFFA Tracking,Stuck Flashing Blue,n/a,,Device,Not Returned,,Pending Analysis,Unable to set up
GGB21E0A340204BJ,EFFA Tracking,Dead After arrival,131,2340,Device,Not Returned,,Pending Analysis,
GGB21E0A339304W5,EFFA Tracking,Dead on Arrival,n/a,,,Resolved,SoC failure,SoC / IC Failure,Customer report of US BB Jupiter defective out of box and would not power on
GGB21E0A337709X8,EFFA Tracking,Dead After Arrival,56,2337,Device,Resolved,U12 MPS Buck Convertor IC failure,SoC / IC Failure,Node went offline and did not recover after multiple power cycles
GGB21E0A333308P8,EFFA Tracking,Dead After Arrival,235,2333,Device,Resolved,U21 Marvel Phy,SoC / IC Failure,"No LED visible, abrupt"
GGB21E0A333700NN,EFFA Tracking,Unable to reach internet error,887,2333,Device,Resolved,dhclient fails when system clock is near max uint32,Software / Configuration,Node disconnected from mesh; out of range on re-add; mesh communication problem
GGB21E0A33650470,EFFA Tracking,Stuck Flashing white LED,697,2336,Device,Resolved,dhclient fails when system clock is near max uint32,Software / Configuration,No OTA updates since 12/15/23; customer has generator during power outages
GGB21E0A336203VP,EFFA Tracking,Will not get a session,59,2336,Device,Resolved,dhclient fails when system clock is near max uint32,Software / Configuration,bookshelf corruption issue/nodelib exception
GGB21E0A409702MN,EFFA Tracking,Stuck Flashing White LED,697,2409,Device,Done,my py baseline config issue,Software / Configuration,Fail to set up. Fix introduced in eero OS v7.4.0+
GGB21E0A339301NR,EFFA Tracking,Ethernet Port Issue - Slow speeds,905,2339,Device,Resolved,ethernet data flow control not enabled in Modem/ONT,Software / Configuration,Ethernet port speed issue
GGB21E0A406201J7,EFFA Tracking,Ethernet Port Issue - Slow speeds,189,2406,Device,Resolved,ethernet data flow control not enabled in Modem/ONT,Software / Configuration,Slower than expected speeds
GGB21E0A3402047B,WRR Triage FA,eero will not turn on (dead after arrival),n/a,,Device,Fail,C457 short to GND,Capacitor Short / Damage,
GGB21E0A339300X6,WRR Triage FA,eero will not turn on (dead after arrival),182,2339,Device,Fail,C404 short to GND,Capacitor Short / Damage,
GGB21E0C442400HK,WRR Triage FA,eero will not turn on (dead after arrival),94,2442,Device,Fail,C448 short to GND,Capacitor Short / Damage,
GGB21E0A340200FD,WRR Triage FA,eero will not turn on (dead after arrival),n/a,,Device,Fail,C617 short to GND,Capacitor Short / Damage,
GGB21E0A415300KW,WRR Triage FA,eero will not turn on (dead after arrival),42,2415,Device,Fail,C404 short to GND,Capacitor Short / Damage,
GGB21E0C501604H9,WRR Triage FA,eero will not turn on (dead after arrival),193,2501,Device,Fail,C448 short to GND,Capacitor Short / Damage,
GGB21E0C4417007G,WRR Triage FA,eero will not turn on (dead after arrival),102,2441,Device,Fail,C448 short to GND,Capacitor Short / Damage,
GGB21E0C501605G9,WRR Triage FA,eero will not turn on (dead after arrival),11,2501,Device,Fail,C401 short to GND,Capacitor Short / Damage,
GGB21E0B4373005H,WRR Triage FA,eero will not turn on (dead after arrival),157,2437,Device,Fail,C448 short to GND,Capacitor Short / Damage,
GGB21E0C501606FX,WRR Triage FA,eero will not turn on (dead after arrival),56,2501,Device,Fail,C448 short to GND,Capacitor Short / Damage,
GGB21E0C501602RV,WRR Triage FA,eero will not turn on (dead after arrival),101,2501,Device,Fail,C448 short to GND,Capacitor Short / Damage,
GGB21E0C439703HX,WRR Triage FA,eero will not turn on (dead after arrival),150,2439,Device,Fail,C448 short,Capacitor Short / Damage,
GGB21E0C502702D9,WRR Triage FA,eero will not turn on (dead after arrival),72,2502,Device,Fail,C448 short to GND,Capacitor Short / Damage,
GGB21E0C501601AD,WRR Triage FA,eero will not turn on (dead after arrival),145,2501,Device,Fail,C401 short to GND,Capacitor Short / Damage,
GGB21E0C441701RV,WRR Triage FA,eero will not turn on (dead after arrival),104,2441,Device,Fail,C443 short to GND,Capacitor Short / Damage,
GGB21E0C501604MA,WRR Triage FA,eero will not turn on (dead after arrival),129,2501,Device,Fail,C401 short to GND,Capacitor Short / Damage,
GGB21E0C442401VK,WRR Triage FA,eero will not turn on (dead after arrival),90,2442,Device,Fail,C443,Capacitor Short / Damage,
GGB21E0C502701ET,WRR Triage FA,eero will not turn on (dead after arrival),116,2502,Device,Fail,C401,Capacitor Short / Damage,
GGB21E0C502402A2,WRR Triage FA,eero will not turn on (dead after arrival),114,2502,Device,Fail,C443 short to GND,Capacitor Short / Damage,
GGB21E0C50160610,WRR Triage FA,eero will not turn on (dead after arrival),133,2501,Device,Fail,C448 short,Capacitor Short / Damage,
GGB21E0C5016059S,WRR Triage FA,eero will not turn on (dead after arrival),55,2501,Device,Fail,C401 short,Capacitor Short / Damage,
GGB21E0C502702Q6,WRR Triage FA,eero will not turn on (dead after arrival),51,2502,Device,Fail,C457 short to GND,Capacitor Short / Damage,
GGB21E0C5016063T,WRR Triage FA,eero will not turn on (dead after arrival),144,2501,Device,Fail,C401 short,Capacitor Short / Damage,
GGB21E0C501606GB,WRR Triage FA,eero will not turn on (dead after arrival),39,2501,Device,Fail,C448 short,Capacitor Short / Damage,
GGB21E0C501604N8,WRR Triage FA,eero will not turn on (dead after arrival),64,2501,Device,Fail,C448 short,Capacitor Short / Damage,
GGB21E0C502702D6,WRR Triage FA,eero will not turn on (dead after arrival),56,2502,Device,Fail,C448 short,Capacitor Short / Damage,
GGB21E0C4424004K,WRR Triage FA,eero will not turn on (dead after arrival),201,2442,Device,Fail,C448 short,Capacitor Short / Damage,
GGB21E0C5016075N,WRR Triage FA,eero will not turn on (dead after arrival),172,2501,Device,Fail,C448 short,Capacitor Short / Damage,
GGB21E0C5016066S,WRR Triage FA,eero will not turn on (dead after arrival),216,2501,Device,Fail,C448 short,Capacitor Short / Damage,
GGB21E0C501602J1,WRR Triage FA,eero will not turn on (dead after arrival),148,2501,Device,Fail,C401 short,Capacitor Short / Damage,
GGB21E0C5016024F,WRR Triage FA,eero will not turn on (dead after arrival),127,2501,Device,Fail,C448 short,Capacitor Short / Damage,
GGB21E0C504704KQ,WRR Triage FA,eero will not turn on (dead after arrival),277,2504,Device,Fail,C448,Capacitor Short / Damage,
GGB21E0C510706GR,WRR Triage FA,eero will not turn on (dead after arrival),196,2510,Device,Fail,C448,Capacitor Short / Damage,
GGB21E0C512301HG,WRR Triage FA,eero will not turn on (dead after arrival),219,2512,Device,Fail,C448,Capacitor Short / Damage,
GGB21E0C506503PV,WRR Triage FA,eero will not turn on (dead after arrival),240,2506,Device,Fail,C401,Capacitor Short / Damage,
GGB21E0C504700R2,WRR Triage FA,eero will not turn on (dead after arrival),310,2504,Device,Fail,C401,Capacitor Short / Damage,
GGB21E0C5275040B,WRR Triage FA,eero will not turn on (dead after arrival),61,2527,Device,Fail,C401,Capacitor Short / Damage,
GGB21E0C502702K1,WRR Triage FA,eero will not turn on (dead after arrival),331,2502,Device,Fail,C401,Capacitor Short / Damage,
GGB21E0C512302QF,WRR Triage FA,eero will not turn on (dead after arrival),133,2512,Device,Fail,C401,Capacitor Short / Damage,
GGB21E0C510706P6,WRR Triage FA,eero will not turn on (dead after arrival),263,2510,Device,Fail,C401,Capacitor Short / Damage,
GGB21E0C507500DS,WRR Triage FA,eero will not turn on (dead after arrival),249,2507,Device,Fail,C401,Capacitor Short / Damage,
GGB21E0C508509B1,WRR Triage FA,eero will not turn on (dead after arrival),281,2508,Device,Fail,C401,Capacitor Short / Damage,
GGB21E0A4112030A,WRR Triage FA,eero will not turn on (dead after arrival),557,2411,Device,Fail,C969,Capacitor Short / Damage,
GGB21E0A33930479,WRR Triage FA,eero will not turn on (dead after arrival),600,2339,Device,Fail,C405,Capacitor Short / Damage,
GGB21E0A336207PJ,WRR Triage FA,eero will not turn on (dead after arrival),655,2336,Device,Fail,C405,Capacitor Short / Damage,
GGB21E0A336200KS,WRR Triage FA,eero will not turn on (dead after arrival),607,2336,Device,Fail,C353,Capacitor Short / Damage,
GGB21E0A336206DA,WRR Triage FA,eero will not turn on (dead after arrival),688,2336,Device,Fail,C457,Capacitor Short / Damage,
GGB21E0A3393059M,WRR Triage FA,eero will not turn on (dead after arrival),613,2339,Device,Fail,C457,Capacitor Short / Damage,
GGB21E0A3365052M,WRR Triage FA,eero will not turn on (dead after arrival),704,2336,Device,Fail,C360,Capacitor Short / Damage,
GGB21E0A336203VX,WRR Triage FA,eero will not turn on (dead after arrival),790,2336,Device,Fail,C1032,Capacitor Short / Damage,
GGB21E0A348700F4,WRR Triage FA,eero will not turn on (dead after arrival),709,2348,Device,Fail,C341,Capacitor Short / Damage,
GGB21E0A33770A98,WRR Triage FA,eero will not turn on (dead after arrival),665,2337,Device,Fail,C459,Capacitor Short / Damage,
GGB21E0A333603BR,WRR Triage FA,eero will not turn on (dead after arrival),816,2333,Device,Fail,C620,Capacitor Short / Damage,
GGB21E0A3472018H,WRR Triage FA,eero will not turn on (dead after arrival),1,2347,Device,Fail,C618,Capacitor Short / Damage,
GGB21E0A33870123,WRR Triage FA,Reset button,61,2338,Device,Pass,NTF,No Defect / NTF,
GGB21E0A350400WX,WRR Triage FA,eero will not turn on (dead after arrival),110,2350,Device,Pass,NTF,No Defect / NTF,
GGB21E0C5225064R,WRR Triage FA,eero will not turn on (dead after arrival),152,2522,Device,Pass,NTF,No Defect / NTF,
GGB21E0C4453039V,WRR Triage FA,eero will not turn on (dead after arrival),145,2445,Device,Pass,NTF,No Defect / NTF,
GGB21E0C511703R3,WRR Triage FA,eero will not turn on (dead after arrival),10,2511,Device,Fail,,Pending Analysis,
GGB21E0C515300F3,WRR Triage FA,Stuck Flashing White,354,2515,Device,Fail,,Pending Analysis,
GGB21E0A348700NS,WRR Triage FA,eero will not turn on (dead after arrival),867,2348,Device,Fail,U1+U4 issue,SoC / IC Failure,
GGB21E0A3393035D,WRR Triage FA,eero will not turn on (dead after arrival),103,2339,Device,Fail,U1+U4 issue,SoC / IC Failure,
GGB21E0A333305P0,WRR Triage FA,eero will not turn on (dead after arrival),570,2333,Device,Fail,U1+U4,SoC / IC Failure,
GGB21E0A33620664,WRR Triage FA,eero will not turn on (dead after arrival),826,2336,Device,Fail,U1+U4,SoC / IC Failure,
GGB21E0A338704VQ,WRR Triage FA,eero will not turn on (dead after arrival),759,2338,Device,Fail,U1+U4,SoC / IC Failure,
GGB21E0C545701B9,WRR Triage FA,eero will not turn on (dead after arrival),169,2545,Device,Fail,U1+U4,SoC / IC Failure,
GGB21E0A338704WM,WRR Triage FA,eero will not turn on (dead after arrival),726,2338,Device,Fail,U1+U4,SoC / IC Failure,
GGB21E0A3504032Q,WRR Triage FA,eero will not turn on (dead after arrival),572,2350,Device,Fail,U1+U4,SoC / IC Failure,
GGB21E0A350704EJ,WRR Triage FA,eero will not turn on (dead after arrival),643,2350,Device,Fail,U1+U4,SoC / IC Failure,
GGB21E0A42170257,WRR Triage FA,eero will not turn on (dead after arrival),481,2421,Device,Fail,U1+U4,SoC / IC Failure,
GGB21E0A421703QH,WRR Triage FA,eero will not turn on (dead after arrival),461,2421,Device,Fail,U1+U4,SoC / IC Failure,
GGB21E0B431303EN,WRR Triage FA,eero will not turn on (dead after arrival),498,2431,Device,Fail,U1+U4,SoC / IC Failure,
GGB21E0A401403AJ,WRR Triage FA,eero will not turn on (dead after arrival),139,2401,Device,Fail,"Surge damage - C527, C1321, C1322, C1323, R737, R738, R739, R740, R800, D4",Surge Damage (multi-component),
